<?xml version="1.0" encoding="UTF-8"?>
<project-private xmlns="http://www.netbeans.org/ns/project-private/1">
    <editor-bookmarks xmlns="http://www.netbeans.org/ns/editor-bookmarks/2" lastBookmarkId="2"/>
    <open-files xmlns="http://www.netbeans.org/ns/projectui-open-files/2">
        <group>
            <file>file:/C:/Users/Jeronimo/Documents/NetBeansProjects/Tema2/src/java/Posts.java</file>
            <file>file:/C:/Users/Jeronimo/Documents/NetBeansProjects/Tema2/web/login.jsp</file>
            <file>file:/C:/Users/Jeronimo/Documents/NetBeansProjects/Tema2/web/post.jsp</file>
            <file>file:/C:/Users/Jeronimo/Documents/NetBeansProjects/Tema2/src/java/Login.java</file>
            <file>file:/C:/Users/Jeronimo/Documents/NetBeansProjects/Tema2/web/blog.jsp</file>
            <file>file:/C:/Users/Jeronimo/Documents/NetBeansProjects/Tema2/web/blogAnon.jsp</file>
        </group>
    </open-files>
</project-private>
